jacc,n,jacc_mean,log_dt_mean,rating_mean
"(-0.001, 0.143]",302561,0.09758626506595608,1.5745445828328744,3.481032
"(0.143, 0.222]",224481,0.19450214811317362,1.5127528678495932,3.5017462
"(0.222, 0.333]",284764,0.2884906394945126,1.476083064923016,3.498209
"(0.333, 1.0]",188490,0.46077497739084566,1.4227941503447208,3.5124702
