{
  "model": "ceinn",
  "ablation": "w/o_hd",
  "valid": {
    "HR@10": 0.6504966887417218,
    "NDCG@10": 0.3923032528591267
  },
  "test": {
    "HR@10": 0.6140728476821192,
    "NDCG@10": 0.36074465507537085
  },
  "epoch": 3
}