{
  "model": "gru4rec",
  "ablation": "none",
  "valid": {
    "HR@10": 0.6971854304635762,
    "NDCG@10": 0.43562347958141484
  },
  "test": {
    "HR@10": 0.6562913907284769,
    "NDCG@10": 0.40187777763505794
  },
  "epoch": 3
}