{
  "model": "ceinn",
  "ablation": "w/o_mtl",
  "valid": {
    "HR@10": 0.6572847682119205,
    "NDCG@10": 0.39548906582204785
  },
  "test": {
    "HR@10": 0.6187086092715232,
    "NDCG@10": 0.3625444108309547
  },
  "epoch": 3
}