{
  "model": "sasrec",
  "ablation": "none",
  "valid": {
    "HR@10": 0.7369205298013245,
    "NDCG@10": 0.559036823865568
  },
  "test": {
    "HR@10": 0.706953642384106,
    "NDCG@10": 0.5324843452132046
  },
  "epoch": 3
}