{
  "model": "ceinn",
  "ablation": "none",
  "valid": {
    "HR@10": 0.6491721854304636,
    "NDCG@10": 0.3904971319530021
  },
  "test": {
    "HR@10": 0.6135761589403973,
    "NDCG@10": 0.3599803363314434
  },
  "epoch": 3
}