{
  "model": "ceinn",
  "ablation": "w/o_causal",
  "valid": {
    "HR@10": 0.6509933774834437,
    "NDCG@10": 0.3934354231254763
  },
  "test": {
    "HR@10": 0.6190397350993377,
    "NDCG@10": 0.3621064167955169
  },
  "epoch": 3
}