{
  "model": "ceinn",
  "ablation": "w/o_pt",
  "valid": {
    "HR@10": 0.6519867549668874,
    "NDCG@10": 0.3955642939908763
  },
  "test": {
    "HR@10": 0.614569536423841,
    "NDCG@10": 0.36279633281391843
  },
  "epoch": 3
}