{
  "valid": {
    "HR@10": 0.7548013245033113,
    "NDCG@10": 0.5021833777298558
  },
  "test": {
    "HR@10": 0.7283112582781457,
    "NDCG@10": 0.4744463349088942
  },
  "epoch": 20,
  "ablation": "none"
}