file,model,ablation,valid_HR@10,valid_NDCG@10,test_HR@10,test_NDCG@10,epoch
metrics_gru4rec.json,gru4rec,none,0.6971854304635762,0.43562347958141484,0.6562913907284769,0.40187777763505794,3
metrics_none.json,ceinn,none,0.6491721854304636,0.3904971319530021,0.6135761589403973,0.3599803363314434,3
metrics_sasrec.json,sasrec,none,0.7369205298013245,0.559036823865568,0.706953642384106,0.5324843452132046,3
metrics_w_o_causal.json,ceinn,w/o_causal,0.6509933774834437,0.3934354231254763,0.6190397350993377,0.3621064167955169,3
metrics_w_o_hd.json,ceinn,w/o_hd,0.6504966887417218,0.3923032528591267,0.6140728476821192,0.36074465507537085,3
metrics_w_o_mtl.json,ceinn,w/o_mtl,0.6572847682119205,0.39548906582204785,0.6187086092715232,0.3625444108309547,3
metrics_w_o_pt.json,ceinn,w/o_pt,0.6519867549668874,0.3955642939908763,0.614569536423841,0.36279633281391843,3
